Question,Answer,Justification,Review,Correctness_Score
Do the main claims made in the abstract and introduction accurately reflect the paper's contributions and scope?,Yes,We have mentioned main claims in Section 1: Introduction,"The answer and justification provided are consistent with the content of the paper, as the main claims regarding the investigation into the impact of gamification on learning outcomes in online education are clearly stated in both the abstract and the introduction. The abstract succinctly summarizes the purpose, methodology, and significant findings of the paper, indicating that gamification has a positive effect on student engagement, motivation, and learning outcomes. Similarly, the introduction sets the stage for the paper's exploration, providing context for the study, its motivation, and the potential contribution of the research to the field. Both sections align in reflecting the paper's contributions and scope, making the answer accurate and justifying a score of 1.",1
Does the paper discuss the limitations of the work performed by the authors?,Yes,We have discussed limitations in the conclusion section. 5,"Explanation: Based on the provided paper content, the conclusion section does not specifically mention any discussion regarding the limitations of the work performed by the authors. The conclusion primarily emphasizes the positive impact of gamification on student engagement, motivation, and learning outcomes in online education, outlining the potential benefits and the successful application of gamification principles. It highlights the achievements and implications of the study without explicitly mentioning or discussing any limitations, weaknesses, or areas for further research that the work may have. Therefore, stating that limitations were discussed in the conclusion section seems inconsistent with the content provided, which does not detail or directly address any limitations of the study.",0
"For each theoretical result, does the paper provide the full set of assumptions and a complete (and correct) proof?",NA,We don't have any theoretical results.,"The answer ""NA"" (not applicable) and the given justification align accurately with the content of the paper being reviewed. The paper primarily focuses on an empirical investigation into the impact of gamification on learning outcomes in online education. It does this through a series of experiments involving undergraduate students, comparing engagement, motivation, and performance between gamified and non-gamified settings. Since the study is empirical and experiment-based, involving data collection and analysis rather than theoretical development or mathematical modeling, it naturally does not present theoretical results, assumptions, or proofs. Therefore, the question about providing full sets of assumptions and complete proofs for theoretical results does not apply to this paper. The justification given is consistent with the paper's content and approach, correctly demonstrating the reason the question is not applicable.",1
Does the paper fully disclose all the information needed to reproduce the main experimental results of the paper to the extent that it affects the main claims and/or conclusions of the paper (regardless of whether the code and data are provided or not)?,Yes,We have provided all the details about reproducibility in our GitHub repository,"Explanation: The paper content does not mention any GitHub repository or external resources for reproducibility. The details on experimental design, participants, gamification elements, data collection methods, and statistical analyses are described within the paper's text. Additionally, technical specifications related to hardware and software requirements are outlined in the appendices. However, the claim that all details about reproducibility are provided in a GitHub repository is inconsistent with the presented content, as no such repository or external link is mentioned in the paper's text or appendices. To ensure full disclosure for reproducing the main experimental results, details should be explicitly available within the paper or through clearly indicated external resources, which, according to the provided content, is not the case here.",0
"Does the paper provide open access to the data and code, with sufficient instructions to faithfully reproduce the main experimental results, as described in supplemental material?",Yes,We have provided code used for the experiments in our GitHub repository,"The paper's content does not mention any information regarding the provision of open access to data and code or any instructions for reproducing the experimental results. The justification provided in the answer does not align with the content of the paper, as there is no reference to a GitHub repository or any supplemental material that enables data and code access for replication purposes. To validate the paper's findings, it is crucial that such resources be explicitly mentioned and readily available, but this does not seem to be addressed within the provided content.",0
"Does the paper specify all the training and test details (e.g., data splits, hyperparameters, how they were chosen, type of optimizer, etc.) necessary to understand the results?",Yes,Experimental setting is explained in experiments section,"Justification: The paper outlines a broad overview of the experimental design involving a randomized controlled trial with undergraduate students in an online introductory psychology course, comparing gamified and non-gamified versions of the course. However, it does not specify detailed information such as data splits (how students were divided into control and experimental groups), specific hyperparameters related to the gamification elements (if any were used or adjusted), the criteria for choosing these parameters, or the type of analytical or optimization methods used in processing the data and evaluating the results. While the general approach to the experiment is described, the lack of specific training and test details, including but not limited to hyperparameters and optimization techniques, means that we do not have enough information to fully understand the experimental setup, replicate the study, or comprehend how the results were achieved based on the information provided. Therefore, the answer provided in the checklist does not accurately reflect the content of the paper in terms of detailing all necessary training and test details.",0
Does the paper report error bars suitably and correctly defined or other appropriate information about the statistical significance of the experiments?,NA,This does not apply in our case,"The justification provided in the answer does not align with the typical expectations for a NeurIPS submission or any empirical research paper that involves experimental comparisons. Even though the explicit mention of error bars or statistical significance calculations is not found in the summarized content provided, this is a critical component of reporting in empirical research. Given that the paper involves a randomized controlled trial comparing gamified and non-gamified versions of an online course, it is expected that measures of variability (such as error bars) and statistical tests to assess the significance of the differences observed are necessary to validate the findings. The absence of this information would be a significant omission, suggesting that the answer and justification provided do not accurately reflect what should be reported in a study of this nature. Therefore, the application of ""NA"" (not applicable) is incorrect because it is very much applicable and crucial for ensuring the reliability and validity of the experimental outcomes presented. Proper statistical analysis and reporting would allow readers and reviewers to assess the robustness of the results and their generalizability to broader contexts.",0
"For each experiment, does the paper provide sufficient information on the computer resources (type of compute workers, memory, time of execution) needed to reproduce the experiments?",Yes,Compute Resources are explained in experiments section,"Explanation: The paper provided an overview of hardware and software requirements in the Technical Specifications sections (A.2 Hardware Requirements and A.3 Software Requirements) rather than in the experiments section. The detailed explanation of the necessary computer resources (such as processor, memory, storage space, operating system, and development tools) is outlined in the appendix and not directly tied to the experiments. These specifications are general recommendations for project execution and not explicitly linked to the requirements for reproducing the experiments. Therefore, the justification provided in the answer, stating that ""Compute Resources are explained in experiments section,"" does not accurately reflect the content of the paper, as the technical specifications are located in a separate appendix and do not directly address the reproducibility of the experiments in terms of compute workers, memory, and execution time for each experiment.",0
"Does the research conducted in the paper conform, in every respect, with the NeurIPS Code of Ethics https://neurips.cc/public/EthicsGuidelines?",Yes,We completely follow the NeurIPS code of ethics,"Based on the content provided from the paper, I agree with the answer and find it correct. The paper demonstrates a commitment to ethical standards through its structured approach to investigating the impact of gamification on learning outcomes in online education. The research involves a randomized controlled trial with participants who are presumably provided with a clear understanding of the study's purpose and consented to participate, aligning with ethical research practices. Moreover, the paper acknowledges contributions and extends thanks to those involved, emphasizing its respect for collaborative efforts and the importance of ethical acknowledgments in research.

The paper appears to have a clear structure, aims to contribute positively to the field of online education by exploring potentially beneficial methodologies, and does not indicate any form of bias, manipulation, or harm to participants. Without detailed methodological descriptions, one can only assume based on the information given that the researchers have adhered to ethical guidelines in their experimental design, data collection, analysis, and reporting phases.

However, a full assessment of adherence to the NeurIPS Code of Ethics would require detailed insights into participant consent, data privacy measures, potential conflicts of interest, and more thorough methodological transparency than what is provided in the summary. Given the content provided, there is no evident reason to believe the research does not conform to ethical guidelines; however, the assumption of conformity is made with limited information on specific ethical considerations detailed in the NeurIPS Code of Ethics.",1
Does the paper discuss both potential positive societal impacts and negative societal impacts of the work performed?,Yes,We have discussed impacts in the main paper,"Based on the content provided in the paper summary, the paper primarily focuses on investigating the impact of gamification on learning outcomes in online education. It discusses the effectiveness of gamification in enhancing student engagement, motivation, and knowledge retention, and presents findings on the positive effects of gamification in online learning environments.

However, from the summary provided, there is no explicit mention of the discussion on potential negative societal impacts alongside the positive impacts of gamification in online education. The paper appears to focus on the positive aspects of gamification, such as increased participation, persistence, and performance in online learning contexts. While it provides valuable insights into the benefits of integrating gamified elements in educational settings, there is no indication in the provided content that the paper thoroughly explores the potential negative societal impacts that could arise from the work performed, such as over-reliance on gamification, potential inequities in access or engagement, or unintended consequences on learnersâ€™ perceptions of education.

Without evidence of a balanced discussion on both the potential positive and negative societal impacts, the answer claiming that the paper discusses both aspects seems inconsistent with the content summary provided.",0
"Does the paper describe safeguards that have been put in place for responsible release of data or models that have a high risk for misuse (e.g., pretrained language models, image generators, or scraped datasets)?",Yes,We release our code and assets with a license which makes sure that it is used as recommended,"The paper primarily focuses on the impact of gamification on learning outcomes in online education through a series of experiments involving undergraduate students. The research involves collecting data on student engagement, motivation, and performance, comparing outcomes between gamified and non-gamified groups. Despite mentioning technical specifications for execution of the project, including hardware and software requirements, the paper does not explicitly describe safeguards for the responsible release of data or models that pose a high risk for misuse, such as pretrained language models or scraped datasets. The response provided in the review question suggests that there are safeguards in place concerning the release of code and assets with a specific license. However, the main text of the paper does not detail any information regarding data or model release, including any licenses, safeguards, or ethical considerations for preventing misuse. Given the nature of the study and its focus on educational research rather than releasing potentially risky data/models, the question's relevance might be considered tangential, and, as such, the answer seems to misrepresent the content of the paper.",0
"Are the creators or original owners of assets (e.g., code, data, models), used in the paper, properly credited and are the license and terms of use explicitly mentioned and properly respected?",Yes,We have acknowledged people and resources in the acknowledgements section,"Explanation: The provided text in the paper does acknowledge the contributions of individuals and participants in the acknowledgements section. However, the specific question pertains to the crediting of assets such as code, data, models, their respective licensing, and terms of use, which is not explicitly addressed in the text provided. Acknowledging people and resources for their assistance and support throughout the research project is different from crediting the original creators or owners of assets like code, data, or models.

Proper crediting for assets involves specifying the source of these assets, any modifications made to them, and the terms under which they were used, including any relevant licenses. Since the paper does not detail the use of external assets or mention how any code, data, or models were sourced, nor does it discuss adherence to licensing or terms of use for such assets, it fails to directly answer the question as posed. Therefore, while the paper does include a general acknowledgments section, it lacks specific information regarding the crediting and licensing of external assets used in the research, leading to a score of 0 for the provided answer.",0
Are new assets introduced in the paper well documented and is the documentation provided alongside the assets?,NA,This does not apply on our research work,"The response provided in the paper's checklist is consistent with the content and scope of the paper. The primary objective of the research is to investigate the impact of gamification on learning outcomes in online education through experimental methods. The paper does not indicate the introduction or development of new software, datasets, or other tangible assets that would require separate documentation or accompanying files. Instead, it focuses on the application of existing gamification strategies within an educational context and evaluates their effectiveness through a series of experiments. Given this focus, the NA (Not Applicable) response is appropriate because the paper's main contribution lies in its empirical findings and theoretical insights rather than in the creation of new assets.",1
"For crowdsourcing experiments and research with human subjects, does the paper include the full text of instructions given to participants and screenshots, if applicable, as well as details about compensation (if any)?",Yes,Our research does not involve any human subjects,"The justification provided in the answer is inconsistent with the content of the paper. The paper explicitly mentions conducting experiments with human subjects, specifically undergraduate students enrolled in an online introductory psychology course. Participants were randomly assigned to either a gamified or non-gamified version of the course to evaluate the impact of gamification on various learning outcomes. Therefore, the research does involve human subjects, contrary to the assertion in the justification. However, the paper does not include the full text of instructions given to participants, screenshots of the interface, or details about compensation, which are necessary elements to fully evaluate the methodological rigor and ethical considerations of the study involving human subjects.",0
"Does the paper describe potential risks incurred by study participants, whether such risks were disclosed to the subjects, and whether Institutional Review Board (IRB) approvals (or an equivalent approval/review based on the requirements of your country or institution) were obtained?",NA,This does not relate to our reaseach,"Explanation: The content provided indicates that the paper involves human participants in a randomized controlled trial to compare the effects of gamification in an online educational setting on variables such as student engagement, motivation, and performance. Given that human subjects are involved in the research, there is a potential risk to study participants, such as privacy concerns, the potential for undue stress or anxiety resulting from the interventions, or other unforeseen consequences. It is essential for such studies to discuss whether these risks were disclosed to participants and whether approvals were obtained from an Institutional Review Board (IRB) or an equivalent body to ensure ethical standards are upheld. The statement that this does not relate to their research and justification is inconsistent with standard ethical considerations in experimental studies involving human subjects. Ethical approvals and participant welfare are fundamental aspects of empirical research, particularly in studies where interventions are applied in educational contexts. Therefore, the paper should address these issues even if the perceived risk might be minimal.",0
